--
-- PostgreSQL database dump
--

-- Dumped from database version 14.17
-- Dumped by pg_dump version 14.17

-- Started on 2025-05-16 14:14:23

SET statement_timeout = 0;
SET lock_timeout = 0;
SET idle_in_transaction_session_timeout = 0;
SET client_encoding = 'UTF8';
SET standard_conforming_strings = on;
SELECT pg_catalog.set_config('search_path', '', false);
SET check_function_bodies = false;
SET xmloption = content;
SET client_min_messages = warning;
SET row_security = off;

SET default_tablespace = '';

SET default_table_access_method = heap;

--
-- TOC entry 211 (class 1259 OID 16561)
-- Name: Gatunki; Type: TABLE; Schema: public; Owner: postgres
--

CREATE TABLE public."Gatunki" (
    "GatunekId" integer NOT NULL,
    "NazwaGatunku" text NOT NULL,
    "WymagaNawadnianiaCoIleDni" integer NOT NULL,
    "WymagaNawozeniaCoIleDni" integer NOT NULL,
    "Swiatlo" text NOT NULL,
    "TemperaturaMin" double precision NOT NULL,
    "TemperaturaMax" double precision NOT NULL
);


ALTER TABLE public."Gatunki" OWNER TO postgres;

--
-- TOC entry 210 (class 1259 OID 16560)
-- Name: Gatunki_GatunekId_seq; Type: SEQUENCE; Schema: public; Owner: postgres
--

ALTER TABLE public."Gatunki" ALTER COLUMN "GatunekId" ADD GENERATED BY DEFAULT AS IDENTITY (
    SEQUENCE NAME public."Gatunki_GatunekId_seq"
    START WITH 1
    INCREMENT BY 1
    NO MINVALUE
    NO MAXVALUE
    CACHE 1
);


--
-- TOC entry 215 (class 1259 OID 16582)
-- Name: Przypomnienia; Type: TABLE; Schema: public; Owner: postgres
--

CREATE TABLE public."Przypomnienia" (
    "PrzypomnienieId" integer NOT NULL,
    "RoslinaId" integer NOT NULL,
    "TypZabiegu" text NOT NULL,
    "DataPlanowana" timestamp without time zone NOT NULL,
    "CzyWykonane" boolean NOT NULL
);


ALTER TABLE public."Przypomnienia" OWNER TO postgres;

--
-- TOC entry 214 (class 1259 OID 16581)
-- Name: Przypomnienia_PrzypomnienieId_seq; Type: SEQUENCE; Schema: public; Owner: postgres
--

ALTER TABLE public."Przypomnienia" ALTER COLUMN "PrzypomnienieId" ADD GENERATED BY DEFAULT AS IDENTITY (
    SEQUENCE NAME public."Przypomnienia_PrzypomnienieId_seq"
    START WITH 1
    INCREMENT BY 1
    NO MINVALUE
    NO MAXVALUE
    CACHE 1
);


--
-- TOC entry 213 (class 1259 OID 16569)
-- Name: Rosliny; Type: TABLE; Schema: public; Owner: postgres
--

CREATE TABLE public."Rosliny" (
    "RoslinaId" integer NOT NULL,
    "Nazwa" text NOT NULL,
    "DataZakupu" timestamp without time zone NOT NULL,
    "Miejsce" text NOT NULL,
    "GatunekId" integer NOT NULL,
    "ZdjeciePath" character varying(255) DEFAULT ''::character varying
);


ALTER TABLE public."Rosliny" OWNER TO postgres;

--
-- TOC entry 212 (class 1259 OID 16568)
-- Name: Rosliny_RoslinaId_seq; Type: SEQUENCE; Schema: public; Owner: postgres
--

ALTER TABLE public."Rosliny" ALTER COLUMN "RoslinaId" ADD GENERATED BY DEFAULT AS IDENTITY (
    SEQUENCE NAME public."Rosliny_RoslinaId_seq"
    START WITH 1
    INCREMENT BY 1
    NO MINVALUE
    NO MAXVALUE
    CACHE 1
);


--
-- TOC entry 217 (class 1259 OID 16595)
-- Name: Zabiegi; Type: TABLE; Schema: public; Owner: postgres
--

CREATE TABLE public."Zabiegi" (
    "ZabiegId" integer NOT NULL,
    "RoslinaId" integer NOT NULL,
    "TypZabiegu" text NOT NULL,
    "DataWykonania" timestamp without time zone NOT NULL,
    "Opis" text NOT NULL
);


ALTER TABLE public."Zabiegi" OWNER TO postgres;

--
-- TOC entry 216 (class 1259 OID 16594)
-- Name: Zabiegi_ZabiegId_seq; Type: SEQUENCE; Schema: public; Owner: postgres
--

ALTER TABLE public."Zabiegi" ALTER COLUMN "ZabiegId" ADD GENERATED BY DEFAULT AS IDENTITY (
    SEQUENCE NAME public."Zabiegi_ZabiegId_seq"
    START WITH 1
    INCREMENT BY 1
    NO MINVALUE
    NO MAXVALUE
    CACHE 1
);


--
-- TOC entry 209 (class 1259 OID 16555)
-- Name: __EFMigrationsHistory; Type: TABLE; Schema: public; Owner: postgres
--

CREATE TABLE public."__EFMigrationsHistory" (
    "MigrationId" character varying(150) NOT NULL,
    "ProductVersion" character varying(32) NOT NULL
);


ALTER TABLE public."__EFMigrationsHistory" OWNER TO postgres;

--
-- TOC entry 3341 (class 0 OID 16561)
-- Dependencies: 211
-- Data for Name: Gatunki; Type: TABLE DATA; Schema: public; Owner: postgres
--

COPY public."Gatunki" ("GatunekId", "NazwaGatunku", "WymagaNawadnianiaCoIleDni", "WymagaNawozeniaCoIleDni", "Swiatlo", "TemperaturaMin", "TemperaturaMax") FROM stdin;
16	Quercus	10	15	cień 🌥️	8	22
17	Rosa 	10	3	półcień ⛅	10	18
18	Pinus 	5	50	cień 🌥️	1	12
19	Lavandula 	20	10	cień 🌥️	5	25
20	Ficus	5	150	pełne ☀️	-5	24
\.


--
-- TOC entry 3345 (class 0 OID 16582)
-- Dependencies: 215
-- Data for Name: Przypomnienia; Type: TABLE DATA; Schema: public; Owner: postgres
--

COPY public."Przypomnienia" ("PrzypomnienieId", "RoslinaId", "TypZabiegu", "DataPlanowana", "CzyWykonane") FROM stdin;
349	43	Podlewanie	2025-05-26 00:00:00	f
350	43	Nawożenie	2025-05-31 00:00:00	f
351	48	Podlewanie	2025-05-21 00:00:00	f
352	47	Nawożenie	2025-07-05 00:00:00	f
332	51	Przesadzanie	2025-05-23 00:00:00	f
333	51	Przycinanie	2025-05-23 00:00:00	f
334	48	Przycinanie	2025-05-23 00:00:00	f
335	48	Czyszczenie liści	2025-05-23 00:00:00	f
337	47	Przycinanie	2025-05-23 00:00:00	f
340	46	Przesadzanie	2025-05-23 00:00:00	f
338	49	Czyszczenie liści	2025-05-07 00:00:00	t
343	49	Czyszczenie liści	2025-05-14 00:00:00	f
336	52	Czyszczenie liści	2025-05-23 00:00:00	t
341	44	Czyszczenie liści	2025-05-23 00:00:00	t
345	44	Czyszczenie liści	2025-05-30 00:00:00	f
342	44	Inne	2025-05-23 00:00:00	t
346	44	Inne	2025-05-30 00:00:00	f
344	52	Czyszczenie liści	2025-05-30 00:00:00	t
347	52	Czyszczenie liści	2025-06-06 00:00:00	f
339	50	Spryskiwanie	2025-05-23 00:00:00	t
348	50	Spryskiwanie	2025-05-30 00:00:00	f
\.


--
-- TOC entry 3343 (class 0 OID 16569)
-- Dependencies: 213
-- Data for Name: Rosliny; Type: TABLE DATA; Schema: public; Owner: postgres
--

COPY public."Rosliny" ("RoslinaId", "Nazwa", "DataZakupu", "Miejsce", "GatunekId", "ZdjeciePath") FROM stdin;
52	Fikus benjamina	2025-05-16 00:00:00	Łazienka	20	\N
51	Fikus sprężysty	2025-05-06 00:00:00	Balkon	20	\N
45	Róża damasceńska	2025-02-05 00:00:00	Biurko	17	\N
49	Lawenda wąskolistna	2025-03-05 00:00:00	Taras	19	\N
43	Dąb szypułkowy	2025-05-16 00:00:00	Balkon	16	\N
44	Dąb bezszypułkowy	2025-05-16 00:00:00	Kuchnia	16	\N
46	Róża pomarszczona	2025-05-16 00:00:00	Sypialnia	17	\N
47	Sosna zwyczajna	2025-05-16 00:00:00	Inne	18	\N
48	Sosna górska	2025-05-16 00:00:00	Biuro	18	\N
50	Lawenda francuska	2025-05-16 00:00:00	Balkon	19	\N
\.


--
-- TOC entry 3347 (class 0 OID 16595)
-- Dependencies: 217
-- Data for Name: Zabiegi; Type: TABLE DATA; Schema: public; Owner: postgres
--

COPY public."Zabiegi" ("ZabiegId", "RoslinaId", "TypZabiegu", "DataWykonania", "Opis") FROM stdin;
378	51	Przesadzanie	2025-05-16 00:00:00	
379	51	Przycinanie	2025-05-16 00:00:00	
380	48	Przycinanie	2025-05-16 00:00:00	
381	48	Czyszczenie liści	2025-05-16 00:00:00	
382	52	Czyszczenie liści	2025-05-16 00:00:00	
383	47	Przycinanie	2025-05-16 00:00:00	
384	49	Czyszczenie liści	2025-04-30 00:00:00	
385	50	Spryskiwanie	2025-05-16 00:00:00	
386	46	Przesadzanie	2025-05-16 00:00:00	
387	44	Czyszczenie liści	2025-05-16 00:00:00	
388	44	Inne	2025-05-16 00:00:00	
389	49	Spryskiwanie	2025-05-02 00:00:00	
390	49	Czyszczenie liści	2025-05-16 14:07:11.900999	Wykonano z przypomnienia z dnia 07.05.2025
391	52	Czyszczenie liści	2025-05-16 14:07:13.216724	Wykonano z przypomnienia z dnia 23.05.2025
392	44	Czyszczenie liści	2025-05-16 14:07:14.45529	Wykonano z przypomnienia z dnia 23.05.2025
393	44	Inne	2025-05-16 14:07:16.185819	Wykonano z przypomnienia z dnia 23.05.2025
394	52	Czyszczenie liści	2025-05-16 14:07:17.515974	Wykonano z przypomnienia z dnia 30.05.2025
395	50	Spryskiwanie	2025-05-16 14:07:19.147076	Wykonano z przypomnienia z dnia 23.05.2025
396	43	Podlewanie	2025-05-16 00:00:00	
397	43	Nawożenie	2025-05-16 00:00:00	
398	48	Podlewanie	2025-05-16 00:00:00	
399	47	Nawożenie	2025-05-16 00:00:00	
\.


--
-- TOC entry 3339 (class 0 OID 16555)
-- Dependencies: 209
-- Data for Name: __EFMigrationsHistory; Type: TABLE DATA; Schema: public; Owner: postgres
--

COPY public."__EFMigrationsHistory" ("MigrationId", "ProductVersion") FROM stdin;
20250422102827_InitialCreate	9.0.4
20250422103535_InitialCreate2	9.0.4
20250509200713_InitialCrate3	9.0.4
20250510184043_AddZdjecieToRoslina	9.0.4
20250511125210_AddZdjecieToRoslina	9.0.4
20250511132418_InitialCrate4	9.0.4
\.


--
-- TOC entry 3353 (class 0 OID 0)
-- Dependencies: 210
-- Name: Gatunki_GatunekId_seq; Type: SEQUENCE SET; Schema: public; Owner: postgres
--

SELECT pg_catalog.setval('public."Gatunki_GatunekId_seq"', 20, true);


--
-- TOC entry 3354 (class 0 OID 0)
-- Dependencies: 214
-- Name: Przypomnienia_PrzypomnienieId_seq; Type: SEQUENCE SET; Schema: public; Owner: postgres
--

SELECT pg_catalog.setval('public."Przypomnienia_PrzypomnienieId_seq"', 352, true);


--
-- TOC entry 3355 (class 0 OID 0)
-- Dependencies: 212
-- Name: Rosliny_RoslinaId_seq; Type: SEQUENCE SET; Schema: public; Owner: postgres
--

SELECT pg_catalog.setval('public."Rosliny_RoslinaId_seq"', 52, true);


--
-- TOC entry 3356 (class 0 OID 0)
-- Dependencies: 216
-- Name: Zabiegi_ZabiegId_seq; Type: SEQUENCE SET; Schema: public; Owner: postgres
--

SELECT pg_catalog.setval('public."Zabiegi_ZabiegId_seq"', 399, true);


--
-- TOC entry 3187 (class 2606 OID 16567)
-- Name: Gatunki PK_Gatunki; Type: CONSTRAINT; Schema: public; Owner: postgres
--

ALTER TABLE ONLY public."Gatunki"
    ADD CONSTRAINT "PK_Gatunki" PRIMARY KEY ("GatunekId");


--
-- TOC entry 3193 (class 2606 OID 16588)
-- Name: Przypomnienia PK_Przypomnienia; Type: CONSTRAINT; Schema: public; Owner: postgres
--

ALTER TABLE ONLY public."Przypomnienia"
    ADD CONSTRAINT "PK_Przypomnienia" PRIMARY KEY ("PrzypomnienieId");


--
-- TOC entry 3190 (class 2606 OID 16575)
-- Name: Rosliny PK_Rosliny; Type: CONSTRAINT; Schema: public; Owner: postgres
--

ALTER TABLE ONLY public."Rosliny"
    ADD CONSTRAINT "PK_Rosliny" PRIMARY KEY ("RoslinaId");


--
-- TOC entry 3196 (class 2606 OID 16601)
-- Name: Zabiegi PK_Zabiegi; Type: CONSTRAINT; Schema: public; Owner: postgres
--

ALTER TABLE ONLY public."Zabiegi"
    ADD CONSTRAINT "PK_Zabiegi" PRIMARY KEY ("ZabiegId");


--
-- TOC entry 3185 (class 2606 OID 16559)
-- Name: __EFMigrationsHistory PK___EFMigrationsHistory; Type: CONSTRAINT; Schema: public; Owner: postgres
--

ALTER TABLE ONLY public."__EFMigrationsHistory"
    ADD CONSTRAINT "PK___EFMigrationsHistory" PRIMARY KEY ("MigrationId");


--
-- TOC entry 3191 (class 1259 OID 16607)
-- Name: IX_Przypomnienia_RoslinaId; Type: INDEX; Schema: public; Owner: postgres
--

CREATE INDEX "IX_Przypomnienia_RoslinaId" ON public."Przypomnienia" USING btree ("RoslinaId");


--
-- TOC entry 3188 (class 1259 OID 16608)
-- Name: IX_Rosliny_GatunekId; Type: INDEX; Schema: public; Owner: postgres
--

CREATE INDEX "IX_Rosliny_GatunekId" ON public."Rosliny" USING btree ("GatunekId");


--
-- TOC entry 3194 (class 1259 OID 16609)
-- Name: IX_Zabiegi_RoslinaId; Type: INDEX; Schema: public; Owner: postgres
--

CREATE INDEX "IX_Zabiegi_RoslinaId" ON public."Zabiegi" USING btree ("RoslinaId");


--
-- TOC entry 3198 (class 2606 OID 16589)
-- Name: Przypomnienia FK_Przypomnienia_Rosliny_RoslinaId; Type: FK CONSTRAINT; Schema: public; Owner: postgres
--

ALTER TABLE ONLY public."Przypomnienia"
    ADD CONSTRAINT "FK_Przypomnienia_Rosliny_RoslinaId" FOREIGN KEY ("RoslinaId") REFERENCES public."Rosliny"("RoslinaId") ON DELETE CASCADE;


--
-- TOC entry 3197 (class 2606 OID 16576)
-- Name: Rosliny FK_Rosliny_Gatunki_GatunekId; Type: FK CONSTRAINT; Schema: public; Owner: postgres
--

ALTER TABLE ONLY public."Rosliny"
    ADD CONSTRAINT "FK_Rosliny_Gatunki_GatunekId" FOREIGN KEY ("GatunekId") REFERENCES public."Gatunki"("GatunekId") ON DELETE RESTRICT;


--
-- TOC entry 3199 (class 2606 OID 16602)
-- Name: Zabiegi FK_Zabiegi_Rosliny_RoslinaId; Type: FK CONSTRAINT; Schema: public; Owner: postgres
--

ALTER TABLE ONLY public."Zabiegi"
    ADD CONSTRAINT "FK_Zabiegi_Rosliny_RoslinaId" FOREIGN KEY ("RoslinaId") REFERENCES public."Rosliny"("RoslinaId") ON DELETE CASCADE;


-- Completed on 2025-05-16 14:14:24

--
-- PostgreSQL database dump complete
--

